{"graph": {"_type": "graph-file", "sha256": "46e7632012f94272ee90ca84d3bd01a0bcc55531f871dba3851c82a99b14d034", "size": 10265, "path": "media/graph/graph_summary_46e7632012f94272ee90.graph.json"}, "epoch": 0, "_timestamp": 1742269922.2645187, "loss": -1.8367939575203203, "squared_dice_coef": 0.5417096018791199, "tversky_coef": 0.4569372534751892, "sdc_rest": 0.5925772786140442, "sdc_p": 0.4629404544830322, "sdc_c": 0.4629404544830322, "rec_p": 0.513346791267395, "rec_c": 0.513346791267395, "prec_p": 0.3121131658554077, "prec_c": 0.3121131658554077, "f1_p": 0.38267067074775696, "f1_c": 0.38267067074775696, "val_loss": -1.8595610615912448, "val_squared_dice_coef": 0.6816335320472717, "val_tversky_coef": 0.6793718934059143, "val_sdc_rest": 0.8072876930236816, "val_sdc_p": 0.017098242416977882, "val_sdc_c": 0.017098242416977882, "val_rec_p": 0.00856463797390461, "val_rec_c": 0.00856463797390461, "val_prec_p": 0.6759490370750427, "val_prec_c": 0.6759490370750427, "val_f1_p": 0.01687944121658802, "val_f1_c": 0.01687944121658802, "_runtime": 61936.957261800766, "_step": 0, "best_val_loss": -1.8595610615912448, "best_epoch": 0}