{"graph": {"_type": "graph-file", "sha256": "46e7632012f94272ee90ca84d3bd01a0bcc55531f871dba3851c82a99b14d034", "size": 10265, "path": "media/graph/graph_summary_46e7632012f94272ee90.graph.json"}, "epoch": 9, "_timestamp": 1741085333.7842624, "loss": -1.9644685873748562, "squared_dice_coef": 0.8156048655509949, "tversky_coef": 0.6822028756141663, "sdc_rest": 0.8498519062995911, "sdc_p": 0.7527653574943542, "sdc_c": 0.7527653574943542, "rec_p": 0.7586305141448975, "rec_c": 0.7586305141448975, "prec_p": 0.5161146521568298, "prec_c": 0.5161146521568298, "f1_p": 0.6038824915885925, "f1_c": 0.6038824915885925, "val_loss": -1.9655287868521187, "val_squared_dice_coef": 0.648341715335846, "val_tversky_coef": 0.6211559772491455, "val_sdc_rest": 0.7814435362815857, "val_sdc_p": 0.02726820670068264, "val_sdc_c": 0.02726820670068264, "val_rec_p": 0.014360781759023666, "val_rec_c": 0.014360781759023666, "val_prec_p": 0.0878479927778244, "val_prec_c": 0.0878479927778244, "val_f1_p": 0.023892538622021675, "val_f1_c": 0.023892538622021675, "_runtime": 9795.218651533127, "_step": 9, "best_val_loss": -1.9655287868521187, "best_epoch": 9, "_wandb": {"runtime": 9838}}