{"graph": {"_type": "graph-file", "sha256": "4077f70b10f7d0316945b1974176dbd7465da2d0250f08ce3ea546e148dbd915", "size": 21329, "path": "media/graph/graph_summary_4077f70b10f7d0316945.graph.json"}, "epoch": 0, "_timestamp": 1742010839.2659047, "loss": 0.009106732966062034, "squared_dice_coef": 0.9860802292823792, "tversky_coef": 0.9762170910835266, "sdc_rest": 0.9901018738746643, "sdc_p": 0.9711888432502747, "sdc_c": 0.9711888432502747, "rec_p": 0.9911417365074158, "rec_c": 0.9911417365074158, "prec_p": 0.9266068935394287, "prec_c": 0.9266068935394287, "f1_p": 0.9536651372909546, "f1_c": 0.9536651372909546, "val_loss": 0.011588393694725247, "val_squared_dice_coef": 0.9713647961616516, "val_tversky_coef": 0.9470548629760742, "val_sdc_rest": 0.9788429141044617, "val_sdc_p": 0.952340304851532, "val_sdc_c": 0.952340304851532, "val_rec_p": 0.9916751980781555, "val_rec_c": 0.9916751980781555, "val_prec_p": 0.8671180605888367, "val_prec_c": 0.8671180605888367, "val_f1_p": 0.9146416187286377, "val_f1_c": 0.9146416187286377, "_runtime": 53845.89799571037, "_step": 0, "best_val_loss": 0.011588393694725247, "best_epoch": 0}