{"graph": {"_type": "graph-file", "sha256": "d86f66d7f2c450d4dcea945f69c0e21a99af16022423454bb45ad5c29c30c15f", "size": 10265, "path": "media/graph/graph_summary_d86f66d7f2c450d4dcea.graph.json"}, "epoch": 0, "_timestamp": 1737542895.3436475, "loss": -1.8301318049888802, "squared_dice_coef": 0.3952849805355072, "tversky_coef": 0.29500386118888855, "sdc_rest": 0.511599063873291, "sdc_p": 0.10695533454418182, "sdc_c": 0.0018221496138721704, "rec_p": 0.2773679792881012, "rec_c": 0.03803475573658943, "prec_p": 0.030543778091669083, "prec_c": 0.0005766443791799247, "f1_p": 0.05182846635580063, "f1_c": 0.001102407113648951, "val_loss": -1.5622292395388142, "val_squared_dice_coef": 0.8684048652648926, "val_tversky_coef": 0.7013089656829834, "val_sdc_rest": 0.9229192733764648, "val_sdc_p": 0.15504083037376404, "val_sdc_c": 0.0015777115477249026, "val_rec_p": 0.25675567984580994, "val_rec_c": 0.012953330762684345, "val_prec_p": 0.0516047477722168, "val_prec_c": 0.0002449459279887378, "val_f1_p": 0.07811020314693451, "val_f1_c": 0.0004550707817543298, "_runtime": 1096.336116552353, "_step": 0, "best_val_loss": -1.5622292395388142, "best_epoch": 0, "_wandb": {"runtime": 1119}}