{"graph": {"_type": "graph-file", "sha256": "4077f70b10f7d0316945b1974176dbd7465da2d0250f08ce3ea546e148dbd915", "size": 21329, "path": "media/graph/graph_summary_4077f70b10f7d0316945.graph.json"}, "epoch": 0, "_timestamp": 1741093091.16568, "loss": 0.009912229810648088, "squared_dice_coef": 0.9851342439651489, "tversky_coef": 0.9754601120948792, "sdc_rest": 0.9893189072608948, "sdc_p": 0.9702860713005066, "sdc_c": 0.9702860713005066, "rec_p": 0.9910398721694946, "rec_c": 0.9910398721694946, "prec_p": 0.9258749485015869, "prec_c": 0.9258749485015869, "f1_p": 0.9531749486923218, "f1_c": 0.9531749486923218, "val_loss": 0.009428080732999533, "val_squared_dice_coef": 0.9768276810646057, "val_tversky_coef": 0.967933177947998, "val_sdc_rest": 0.9818739891052246, "val_sdc_p": 0.9642495512962341, "val_sdc_c": 0.9642495512962341, "val_rec_p": 0.9923996329307556, "val_rec_c": 0.9923996329307556, "val_prec_p": 0.9240584373474121, "val_prec_c": 0.9240584373474121, "val_f1_p": 0.9503846168518066, "val_f1_c": 0.9503846168518066, "_runtime": 3308.67738199234, "_step": 0, "best_val_loss": 0.009428080732999533, "best_epoch": 0, "_wandb": {"runtime": 3390}}