{"graph": {"_type": "graph-file", "sha256": "d86f66d7f2c450d4dcea945f69c0e21a99af16022423454bb45ad5c29c30c15f", "size": 10265, "path": "media/graph/graph_summary_d86f66d7f2c450d4dcea.graph.json"}, "epoch": 3, "_timestamp": 1737550197.6278274, "loss": -1.9119053473145686, "squared_dice_coef": 0.470888614654541, "tversky_coef": 0.35245853662490845, "sdc_rest": 0.5820823311805725, "sdc_p": 0.0984167754650116, "sdc_c": 0.010427131317555904, "rec_p": 0.28514114022254944, "rec_c": 0.1331600695848465, "prec_p": 0.030792107805609703, "prec_c": 0.0026382901705801487, "f1_p": 0.052430909126996994, "f1_c": 0.0049948482774198055, "val_loss": -1.9171150614706318, "val_squared_dice_coef": 0.9715243577957153, "val_tversky_coef": 0.9671462774276733, "val_sdc_rest": 0.9853453636169434, "val_sdc_p": 0.0022270933259278536, "val_sdc_c": 0.0017934530042111874, "val_rec_p": 0.0011316229356452823, "val_rec_c": 0.001056201639585197, "val_prec_p": 0.023822329938411713, "val_prec_c": 0.0018862729193642735, "val_f1_p": 0.0019842342007905245, "val_f1_c": 0.0010282760486006737, "_runtime": 4432.7149403095245, "_step": 3, "best_val_loss": -1.9171150614706318, "best_epoch": 3, "_wandb": {"runtime": 5394}}