{"graph": {"_type": "graph-file", "sha256": "4077f70b10f7d0316945b1974176dbd7465da2d0250f08ce3ea546e148dbd915", "size": 21329, "path": "media/graph/graph_summary_4077f70b10f7d0316945.graph.json"}, "epoch": 3, "_timestamp": 1742567257.0437672, "loss": 0.007756858822309746, "squared_dice_coef": 0.9883391857147217, "tversky_coef": 0.9802754521369934, "sdc_rest": 0.9914753437042236, "sdc_p": 0.9757046699523926, "sdc_c": 0.9757046699523926, "rec_p": 0.9915048480033875, "rec_c": 0.9915048480033875, "prec_p": 0.9362301230430603, "prec_c": 0.9362301230430603, "f1_p": 0.9601466059684753, "f1_c": 0.9601466059684753, "val_loss": 0.0070170480717104255, "val_squared_dice_coef": 0.9900044202804565, "val_tversky_coef": 0.9844340682029724, "val_sdc_rest": 0.9927679896354675, "val_sdc_p": 0.979530394077301, "val_sdc_c": 0.979530394077301, "val_rec_p": 0.9900903701782227, "val_rec_c": 0.9900903701782227, "val_prec_p": 0.9521461725234985, "val_prec_c": 0.9521461725234985, "val_f1_p": 0.96939617395401, "val_f1_c": 0.96939617395401, "_runtime": 2568.1853682994843, "_step": 3, "best_val_loss": 0.0070170480717104255, "best_epoch": 3}