{"graph": {"_type": "graph-file", "sha256": "4077f70b10f7d0316945b1974176dbd7465da2d0250f08ce3ea546e148dbd915", "size": 21329, "path": "media/graph/graph_summary_4077f70b10f7d0316945.graph.json"}, "epoch": 2, "_timestamp": 1742566602.49788, "loss": 0.007538483691805938, "squared_dice_coef": 0.9883224368095398, "tversky_coef": 0.9798681139945984, "sdc_rest": 0.9916286468505859, "sdc_p": 0.9749383926391602, "sdc_c": 0.9749383926391602, "rec_p": 0.9914231300354004, "rec_c": 0.9914231300354004, "prec_p": 0.9339950680732727, "prec_c": 0.9339950680732727, "f1_p": 0.9587559103965759, "f1_c": 0.9587559103965759, "val_loss": 0.007319564445009618, "val_squared_dice_coef": 0.9873929619789124, "val_tversky_coef": 0.9793522357940674, "val_sdc_rest": 0.9908899664878845, "val_sdc_p": 0.9745265245437622, "val_sdc_c": 0.9745265245437622, "val_rec_p": 0.9942381381988525, "val_rec_c": 0.9942381381988525, "val_prec_p": 0.9314217567443848, "val_prec_c": 0.9314217567443848, "val_f1_p": 0.9587862491607666, "val_f1_c": 0.9587862491607666, "_runtime": 1913.6394810676575, "_step": 2, "best_val_loss": 0.007319564445009618, "best_epoch": 2}