{"graph": {"_type": "graph-file", "sha256": "4077f70b10f7d0316945b1974176dbd7465da2d0250f08ce3ea546e148dbd915", "size": 21329, "path": "media/graph/graph_summary_4077f70b10f7d0316945.graph.json"}, "epoch": 7, "_timestamp": 1741104337.0349035, "loss": 0.005931605256935757, "squared_dice_coef": 0.9910613894462585, "tversky_coef": 0.9848970770835876, "sdc_rest": 0.9937060475349426, "sdc_p": 0.9805116057395935, "sdc_c": 0.9805116057395935, "rec_p": 0.9936301112174988, "rec_c": 0.9936301112174988, "prec_p": 0.9485604166984558, "prec_c": 0.9485604166984558, "f1_p": 0.9678539633750916, "f1_c": 0.9678539633750916, "val_loss": 0.02693144147786753, "val_squared_dice_coef": 0.9378553032875061, "val_tversky_coef": 0.9058315753936768, "val_sdc_rest": 0.9447987675666809, "val_sdc_p": 0.9206416010856628, "val_sdc_c": 0.9206416010856628, "val_rec_p": 0.9820266962051392, "val_rec_c": 0.9820266962051392, "val_prec_p": 0.8133023977279663, "val_prec_c": 0.8133023977279663, "val_f1_p": 0.874947190284729, "val_f1_c": 0.874947190284729, "_runtime": 9959.452028512955, "_step": 7, "best_val_loss": 0.008617471915561493, "best_epoch": 2, "_wandb": {"runtime": 9973}}