{"graph": {"_type": "graph-file", "sha256": "4077f70b10f7d0316945b1974176dbd7465da2d0250f08ce3ea546e148dbd915", "size": 21329, "path": "media/graph/graph_summary_4077f70b10f7d0316945.graph.json"}, "epoch": 7, "_timestamp": 1741182875.504665, "loss": 0.005647262049056941, "squared_dice_coef": 0.9917706251144409, "tversky_coef": 0.9858692288398743, "sdc_rest": 0.994235634803772, "sdc_p": 0.9816139936447144, "sdc_c": 0.9816139936447144, "rec_p": 0.9937664866447449, "rec_c": 0.9937664866447449, "prec_p": 0.9513179659843445, "prec_c": 0.9513179659843445, "f1_p": 0.969499945640564, "f1_c": 0.969499945640564, "val_loss": 0.009856212889804226, "val_squared_dice_coef": 0.9841494560241699, "val_tversky_coef": 0.9600825905799866, "val_sdc_rest": 0.9882166385650635, "val_sdc_p": 0.9678241014480591, "val_sdc_c": 0.9678241014480591, "val_rec_p": 0.9843184351921082, "val_rec_c": 0.9843184351921082, "val_prec_p": 0.8885325193405151, "val_prec_c": 0.8885325193405151, "val_f1_p": 0.9318849444389343, "val_f1_c": 0.9318849444389343, "_runtime": 8471.340313911438, "_step": 7, "best_val_loss": 0.007265794913237506, "best_epoch": 2, "_wandb": {"runtime": 8486}}